{"ALLERGY": {"precision": 0.9585542168674699, "recall": 0.97119140625, "f1-score": 0.9648314334222654, "support": 4096}, "COLD": {"precision": 0.29411764705882354, "recall": 0.29296875, "f1-score": 0.29354207436399216, "support": 256}, "COVID": {"precision": 0.1811722912966252, "recall": 0.19921875, "f1-score": 0.1897674418604651, "support": 512}, "FLU": {"precision": 0.9249918646273999, "recall": 0.9096, "f1-score": 0.9172313649564375, "support": 6250}, "accuracy": 0.8853698038509987, "macro avg": {"precision": 0.5897090049625796, "recall": 0.5932447265625, "f1-score": 0.59134307865079, "support": 11114}, "weighted avg": {"precision": 0.8885632136945597, "recall": 0.8853698038509987, "f1-score": 0.8868952027663374, "support": 11114}}