{"ALLERGY": {"precision": 0.9952380952380953, "recall": 0.969482421875, "f1-score": 0.9821914419985159, "support": 4096}, "COLD": {"precision": 0.46887966804979253, "recall": 0.8828125, "f1-score": 0.6124661246612466, "support": 256}, "COVID": {"precision": 0.4700665188470067, "recall": 0.828125, "f1-score": 0.5997171145685997, "support": 512}, "FLU": {"precision": 0.9865853658536585, "recall": 0.90608, "f1-score": 0.9446205170975813, "support": 6250}, "accuracy": 0.9253194169515926, "macro avg": {"precision": 0.7301924119971384, "recall": 0.89662498046875, "f1-score": 0.7847487995814858, "support": 11114}, "weighted avg": {"precision": 0.9540544383076317, "recall": 0.9253194169515926, "f1-score": 0.9349271971259859, "support": 11114}}