{"ALLERGY": {"precision": 0.9716103768967205, "recall": 0.96923828125, "f1-score": 0.9704228794915668, "support": 4096}, "COLD": {"precision": 0.27388535031847133, "recall": 0.3359375, "f1-score": 0.30175438596491233, "support": 256}, "COVID": {"precision": 0.18652849740932642, "recall": 0.2109375, "f1-score": 0.19798350137488543, "support": 512}, "FLU": {"precision": 0.9258353708231459, "recall": 0.9088, "f1-score": 0.9172385950746872, "support": 6250}, "accuracy": 0.8857297102753284, "macro avg": {"precision": 0.589464898861916, "recall": 0.6062283203125001, "f1-score": 0.5968498404765129, "support": 11114}, "weighted avg": {"precision": 0.8936300532453422, "recall": 0.8857297102753284, "f1-score": 0.8895276236391227, "support": 11114}}