{"ALLERGY": {"precision": 1.0, "recall": 0.935791015625, "f1-score": 0.9668306217681927, "support": 4096}, "COLD": {"precision": 0.29591836734693877, "recall": 0.90625, "f1-score": 0.4461538461538461, "support": 256}, "COVID": {"precision": 0.25268817204301075, "recall": 0.3671875, "f1-score": 0.29936305732484075, "support": 512}, "FLU": {"precision": 0.9450721362767251, "recall": 0.86992, "f1-score": 0.9059401816212613, "support": 6250}, "accuracy": 0.8718733129386359, "macro avg": {"precision": 0.6234196689166687, "recall": 0.76978712890625, "f1-score": 0.6545719267170351, "support": 11114}, "weighted avg": {"precision": 0.9184661056196122, "recall": 0.8718733129386359, "f1-score": 0.889846466786135, "support": 11114}}