{"ALLERGY": {"precision": 0.9587753134040502, "recall": 0.970947265625, "f1-score": 0.9648229015041242, "support": 4096}, "COLD": {"precision": 0.29571984435797666, "recall": 0.296875, "f1-score": 0.2962962962962963, "support": 256}, "COVID": {"precision": 0.18309859154929578, "recall": 0.203125, "f1-score": 0.1925925925925926, "support": 512}, "FLU": {"precision": 0.925256472887152, "recall": 0.90912, "f1-score": 0.9171172625292552, "support": 6250}, "accuracy": 0.8852798272449163, "macro avg": {"precision": 0.5907125555496187, "recall": 0.59501681640625, "f1-score": 0.592707263230567, "support": 11114}, "weighted avg": {"precision": 0.888919146866706, "recall": 0.8852798272449163, "f1-score": 0.8870214823311137, "support": 11114}}