{"ALLERGY": {"precision": 1.0, "recall": 0.968505859375, "f1-score": 0.984000992186531, "support": 4096}, "COLD": {"precision": 0.4429065743944637, "recall": 1.0, "f1-score": 0.6139088729016786, "support": 256}, "COVID": {"precision": 0.4267352185089974, "recall": 0.32421875, "f1-score": 0.36847946725860153, "support": 512}, "FLU": {"precision": 0.9475728155339805, "recall": 0.93696, "f1-score": 0.9422365245374095, "support": 6250}, "accuracy": 0.9218103293143782, "macro avg": {"precision": 0.7043036521093604, "recall": 0.80742115234375, "f1-score": 0.7271564642210552, "support": 11114}, "weighted avg": {"precision": 0.9312761032939507, "recall": 0.9218103293143782, "f1-score": 0.9236340202496017, "support": 11114}}