{"ALLERGY": {"precision": 0.9641472868217055, "recall": 0.9716796875, "f1-score": 0.9678988326848249, "support": 4096}, "COLD": {"precision": 0.2862903225806452, "recall": 0.5546875, "f1-score": 0.3776595744680851, "support": 256}, "COVID": {"precision": 0.19781221513217867, "recall": 0.84765625, "f1-score": 0.3207686622320769, "support": 512}, "FLU": {"precision": 0.9846368715083799, "recall": 0.6768, "f1-score": 0.802199886212782, "support": 6250}, "accuracy": 0.7905344610401296, "macro avg": {"precision": 0.6082216740107272, "recall": 0.762705859375, "f1-score": 0.6171317388994423, "support": 11114}, "weighted avg": {"precision": 0.9247523763251214, "recall": 0.7905344610401296, "f1-score": 0.8313098176744271, "support": 11114}}