{"ALLERGY": {"precision": 0.9997243660418964, "recall": 0.885498046875, "f1-score": 0.9391506991196271, "support": 4096}, "COLD": {"precision": 0.16434724983432736, "recall": 0.96875, "f1-score": 0.2810198300283286, "support": 256}, "COVID": {"precision": 0.1639615766810202, "recall": 0.966796875, "f1-score": 0.2803738317757009, "support": 512}, "FLU": {"precision": 1.0, "recall": 0.47328, "f1-score": 0.6424847958297133, "support": 6250}, "accuracy": 0.6593485693719633, "macro avg": {"precision": 0.582008298139311, "recall": 0.82358123046875, "f1-score": 0.5357572891883424, "support": 11114}, "weighted avg": {"precision": 0.9421353451975776, "recall": 0.6593485693719633, "f1-score": 0.72681156342326, "support": 11114}}