{"ALLERGY": {"precision": 0.9760625305324866, "recall": 0.9755859375, "f1-score": 0.9758241758241759, "support": 4096}, "COLD": {"precision": 0.41841004184100417, "recall": 0.390625, "f1-score": 0.404040404040404, "support": 256}, "COVID": {"precision": 0.33766233766233766, "recall": 0.35546875, "f1-score": 0.346336822074215, "support": 512}, "FLU": {"precision": 0.9320730535084909, "recall": 0.93088, "f1-score": 0.9314761447326289, "support": 6250}, "accuracy": 0.9084038150080979, "macro avg": {"precision": 0.6660519908860798, "recall": 0.663139921875, "f1-score": 0.6644193866678559, "support": 11114}, "weighted avg": {"precision": 0.9090700735184043, "recall": 0.9084038150080979, "f1-score": 0.9087151813110579, "support": 11114}}