{"ALLERGY": {"precision": 1.0, "recall": 0.968505859375, "f1-score": 0.984000992186531, "support": 4096}, "COLD": {"precision": 0.48659003831417624, "recall": 0.9921875, "f1-score": 0.652956298200514, "support": 256}, "COVID": {"precision": 0.5035750766087844, "recall": 0.962890625, "f1-score": 0.6613011401743797, "support": 512}, "FLU": {"precision": 1.0, "recall": 0.90336, "f1-score": 0.9492266308002689, "support": 6250}, "accuracy": 0.9321576390138564, "macro avg": {"precision": 0.7475412787307402, "recall": 0.95673599609375, "f1-score": 0.8118712653404234, "support": 11114}, "weighted avg": {"precision": 0.9653047947662521, "recall": 0.9321576390138564, "f1-score": 0.9419540671771034, "support": 11114}}