{"ALLERGY": {"precision": 0.999490575649516, "recall": 0.9580078125, "f1-score": 0.9783096484667165, "support": 4096}, "COLD": {"precision": 0.4413919413919414, "recall": 0.94140625, "f1-score": 0.600997506234414, "support": 256}, "COVID": {"precision": 0.4887365328109696, "recall": 0.974609375, "f1-score": 0.6510110893672538, "support": 512}, "FLU": {"precision": 1.0, "recall": 0.89936, "f1-score": 0.9470137309409485, "support": 6250}, "accuracy": 0.925409393557675, "macro avg": {"precision": 0.7324047624631067, "recall": 0.943345859375, "f1-score": 0.7943329937523333, "support": 11114}, "weighted avg": {"precision": 0.9633923735519139, "recall": 0.925409393557675, "f1-score": 0.9369412612788054, "support": 11114}}