{"ALLERGY": {"precision": 1.0, "recall": 0.968505859375, "f1-score": 0.984000992186531, "support": 4096}, "COLD": {"precision": 0.4768611670020121, "recall": 0.92578125, "f1-score": 0.6294820717131474, "support": 256}, "COVID": {"precision": 0.4955134596211366, "recall": 0.970703125, "f1-score": 0.6561056105610561, "support": 512}, "FLU": {"precision": 1.0, "recall": 0.90352, "f1-score": 0.9493149533495839, "support": 6250}, "accuracy": 0.9310779197408674, "macro avg": {"precision": 0.7430936566557872, "recall": 0.94212755859375, "f1-score": 0.8047259069525796, "support": 11114}, "weighted avg": {"precision": 0.9647093170846264, "recall": 0.9310779197408674, "f1-score": 0.9412236823283029, "support": 11114}}