{"ALLERGY": {"precision": 1.0, "recall": 0.968505859375, "f1-score": 0.984000992186531, "support": 4096}, "COLD": {"precision": 0.4894837476099426, "recall": 1.0, "f1-score": 0.6572528883183568, "support": 256}, "COVID": {"precision": 0.5046059365404298, "recall": 0.962890625, "f1-score": 0.6621893888515782, "support": 512}, "FLU": {"precision": 1.0, "recall": 0.90352, "f1-score": 0.9493149533495839, "support": 6250}, "accuracy": 0.9324275688321036, "macro avg": {"precision": 0.7485224210375931, "recall": 0.95872912109375, "f1-score": 0.8131895556765125, "support": 11114}, "weighted avg": {"precision": 0.9654189381767901, "recall": 0.9324275688321036, "f1-score": 0.9421436232618713, "support": 11114}}