{"ALLERGY": {"precision": 0.9533520862634787, "recall": 0.992919921875, "f1-score": 0.9727337957426452, "support": 4096}, "COLD": {"precision": 0.5721153846153846, "recall": 0.46484375, "f1-score": 0.5129310344827586, "support": 256}, "COVID": {"precision": 0.39738805970149255, "recall": 0.416015625, "f1-score": 0.40648854961832065, "support": 512}, "FLU": {"precision": 0.9533093053735255, "recall": 0.93104, "f1-score": 0.9420430629755545, "support": 6250}, "accuracy": 0.919380960950153, "macro avg": {"precision": 0.7190412089884703, "recall": 0.70120482421875, "f1-score": 0.7085491107048197, "support": 11114}, "weighted avg": {"precision": 0.918934454647152, "recall": 0.919380960950153, "f1-score": 0.9187978453474227, "support": 11114}}