{"ALLERGY": {"precision": 1.0, "recall": 0.968505859375, "f1-score": 0.984000992186531, "support": 4096}, "COLD": {"precision": 0.48023715415019763, "recall": 0.94921875, "f1-score": 0.6377952755905512, "support": 256}, "COVID": {"precision": 0.49798792756539234, "recall": 0.966796875, "f1-score": 0.6573705179282869, "support": 512}, "FLU": {"precision": 1.0, "recall": 0.90352, "f1-score": 0.9493149533495839, "support": 6250}, "accuracy": 0.9314378261651971, "macro avg": {"precision": 0.7445562704288975, "recall": 0.94701037109375, "f1-score": 0.8071204347637383, "support": 11114}, "weighted avg": {"precision": 0.9649010734547356, "recall": 0.9314378261651971, "f1-score": 0.9414734405399852, "support": 11114}}