{"ALLERGY": {"precision": 0.971386647101981, "recall": 0.9697265625, "f1-score": 0.9705558949297495, "support": 4096}, "COLD": {"precision": 0.262987012987013, "recall": 0.31640625, "f1-score": 0.2872340425531915, "support": 256}, "COVID": {"precision": 0.17894736842105263, "recall": 0.19921875, "f1-score": 0.18853974121996303, "support": 512}, "FLU": {"precision": 0.9248413860419717, "recall": 0.9096, "f1-score": 0.917157376784706, "support": 6250}, "accuracy": 0.8853698038509987, "macro avg": {"precision": 0.5845406036380045, "recall": 0.598737890625, "f1-score": 0.5908717638719024, "support": 11114}, "weighted avg": {"precision": 0.8923883477819229, "recall": 0.8853698038509987, "f1-score": 0.8887614551857931, "support": 11114}}