{"ALLERGY": {"precision": 1.0, "recall": 0.968505859375, "f1-score": 0.984000992186531, "support": 4096}, "COLD": {"precision": 0.4894837476099426, "recall": 1.0, "f1-score": 0.6572528883183568, "support": 256}, "COVID": {"precision": 0.38799076212471134, "recall": 0.328125, "f1-score": 0.3555555555555555, "support": 512}, "FLU": {"precision": 0.9475044419318366, "recall": 0.93856, "f1-score": 0.9430110119765291, "support": 6250}, "accuracy": 0.9228900485873673, "macro avg": {"precision": 0.7062447379166227, "recall": 0.80879771484375, "f1-score": 0.7349551120092432, "support": 11114}, "weighted avg": {"precision": 0.9305256317860335, "recall": 0.9228900485873673, "f1-score": 0.9244725636767394, "support": 11114}}