{"ALLERGY": {"precision": 0.9932398597896845, "recall": 0.968505859375, "f1-score": 0.980716934487021, "support": 4096}, "COLD": {"precision": 0.459915611814346, "recall": 0.8515625, "f1-score": 0.5972602739726028, "support": 256}, "COVID": {"precision": 0.47396386822529224, "recall": 0.87109375, "f1-score": 0.6139022711631108, "support": 512}, "FLU": {"precision": 0.9900087642418931, "recall": 0.90368, "f1-score": 0.9448766206608115, "support": 6250}, "accuracy": 0.9248695339211805, "macro avg": {"precision": 0.7292820260178039, "recall": 0.89871052734375, "f1-score": 0.7841890250708865, "support": 11114}, "weighted avg": {"precision": 0.9552162263241138, "recall": 0.9248695339211805, "f1-score": 0.9348310271514673, "support": 11114}}