{"ALLERGY": {"precision": 1.0, "recall": 0.968505859375, "f1-score": 0.984000992186531, "support": 4096}, "COLD": {"precision": 0.4894837476099426, "recall": 1.0, "f1-score": 0.6572528883183568, "support": 256}, "COVID": {"precision": 0.5005313496280552, "recall": 0.919921875, "f1-score": 0.6483138334480385, "support": 512}, "FLU": {"precision": 0.9961288052085167, "recall": 0.90576, "f1-score": 0.9487974524428057, "support": 6250}, "accuracy": 0.9317077559834444, "macro avg": {"precision": 0.7465359756116287, "recall": 0.94854693359375, "f1-score": 0.8095912915989331, "support": 11114}, "weighted avg": {"precision": 0.9630542489608548, "recall": 0.9317077559834444, "f1-score": 0.9412133852706912, "support": 11114}}