{"ALLERGY": {"precision": 1.0, "recall": 0.968505859375, "f1-score": 0.984000992186531, "support": 4096}, "COLD": {"precision": 0.4465811965811966, "recall": 0.81640625, "f1-score": 0.5773480662983426, "support": 256}, "COVID": {"precision": 0.23478260869565218, "recall": 0.369140625, "f1-score": 0.2870159453302961, "support": 512}, "FLU": {"precision": 0.940755873340143, "recall": 0.88416, "f1-score": 0.9115803365225997, "support": 6250}, "accuracy": 0.8899586107612021, "macro avg": {"precision": 0.6555299196542479, "recall": 0.75955318359375, "f1-score": 0.6899863350844424, "support": 11114}, "weighted avg": {"precision": 0.9186843342048635, "recall": 0.8899586107612021, "f1-score": 0.9017993914201697, "support": 11114}}