{"ALLERGY": {"precision": 1.0, "recall": 0.968505859375, "f1-score": 0.984000992186531, "support": 4096}, "COLD": {"precision": 0.4894837476099426, "recall": 1.0, "f1-score": 0.6572528883183568, "support": 256}, "COVID": {"precision": 0.4933196300102775, "recall": 0.9375, "f1-score": 0.6464646464646465, "support": 512}, "FLU": {"precision": 0.9976995222084587, "recall": 0.90208, "f1-score": 0.9474834047559029, "support": 6250}, "accuracy": 0.9304480834982904, "macro avg": {"precision": 0.7451257249571698, "recall": 0.9520214648437499, "f1-score": 0.8088004829313593, "support": 11114}, "weighted avg": {"precision": 0.9636053179553964, "recall": 0.9304480834982904, "f1-score": 0.9403892371891148, "support": 11114}}