{"ALLERGY": {"precision": 0.9585542168674699, "recall": 0.97119140625, "f1-score": 0.9648314334222654, "support": 4096}, "COLD": {"precision": 0.29411764705882354, "recall": 0.29296875, "f1-score": 0.29354207436399216, "support": 256}, "COVID": {"precision": 0.17857142857142858, "recall": 0.1953125, "f1-score": 0.18656716417910446, "support": 512}, "FLU": {"precision": 0.9247032037729712, "recall": 0.90976, "f1-score": 0.9171707395757722, "support": 6250}, "accuracy": 0.8852798272449163, "macro avg": {"precision": 0.5889866240676733, "recall": 0.5923081640625, "f1-score": 0.5905278528852835, "support": 11114}, "weighted avg": {"precision": 0.8882810675675596, "recall": 0.8852798272449163, "f1-score": 0.8867136793902339, "support": 11114}}