{"ALLERGY": {"precision": 0.9718482252141983, "recall": 0.96923828125, "f1-score": 0.9705414985943038, "support": 4096}, "COLD": {"precision": 0.2692307692307692, "recall": 0.328125, "f1-score": 0.29577464788732394, "support": 256}, "COVID": {"precision": 0.17832167832167833, "recall": 0.19921875, "f1-score": 0.1881918819188192, "support": 512}, "FLU": {"precision": 0.9248169243287225, "recall": 0.90928, "f1-score": 0.916982654296087, "support": 6250}, "accuracy": 0.8852798272449163, "macro avg": {"precision": 0.5860543992738421, "recall": 0.6014655078125, "f1-score": 0.5928726706741335, "support": 11114}, "weighted avg": {"precision": 0.8926596980165241, "recall": 0.8852798272449163, "f1-score": 0.8888385928553537, "support": 11114}}