{"ALLERGY": {"precision": 0.9939894815927873, "recall": 0.968994140625, "f1-score": 0.9813326740017307, "support": 4096}, "COLD": {"precision": 0.4699792960662526, "recall": 0.88671875, "f1-score": 0.614343707713126, "support": 256}, "COVID": {"precision": 0.48152295632698766, "recall": 0.83984375, "f1-score": 0.6120996441281139, "support": 512}, "FLU": {"precision": 0.9886858137510879, "recall": 0.9088, "f1-score": 0.9470612755314715, "support": 6250}, "accuracy": 0.9272989022854058, "macro avg": {"precision": 0.7335443869342788, "recall": 0.9010891601562501, "f1-score": 0.7887093253436105, "support": 11114}, "weighted avg": {"precision": 0.9553285681105572, "recall": 0.9272989022854058, "f1-score": 0.9365969598480242, "support": 11114}}