{"ALLERGY": {"precision": 0.9669019226089073, "recall": 0.969970703125, "f1-score": 0.9684338817794028, "support": 4096}, "COLD": {"precision": 0.28793774319066145, "recall": 0.578125, "f1-score": 0.38441558441558443, "support": 256}, "COVID": {"precision": 0.19662408759124086, "recall": 0.841796875, "f1-score": 0.3187869822485207, "support": 512}, "FLU": {"precision": 0.9841823679925564, "recall": 0.67696, "f1-score": 0.8021613423073278, "support": 6250}, "accuracy": 0.7902645312218823, "macro avg": {"precision": 0.6089115303458416, "recall": 0.7667131445312501, "f1-score": 0.6184494476877089, "support": 11114}, "weighted avg": {"precision": 0.925495201553274, "recall": 0.7902645312218823, "f1-score": 0.8315496575230219, "support": 11114}}