{"ALLERGY": {"precision": 0.9988885801611559, "recall": 0.877685546875, "f1-score": 0.9343729694606887, "support": 4096}, "COLD": {"precision": 0.16503587736464448, "recall": 0.98828125, "f1-score": 0.2828395751816657, "support": 256}, "COVID": {"precision": 0.16263663464723419, "recall": 0.958984375, "f1-score": 0.27810818465024073, "support": 512}, "FLU": {"precision": 0.998650016874789, "recall": 0.47344, "f1-score": 0.6423531965700642, "support": 6250}, "accuracy": 0.6566492711894907, "macro avg": {"precision": 0.5813027772619559, "recall": 0.82459779296875, "f1-score": 0.5344184814656647, "support": 11114}, "weighted avg": {"precision": 0.9410229774475669, "recall": 0.6566492711894907, "f1-score": 0.7249142957766161, "support": 11114}}