{"ALLERGY": {"precision": 0.9616306954436451, "recall": 0.97900390625, "f1-score": 0.970239535446407, "support": 4096}, "COLD": {"precision": 0.42435424354243545, "recall": 0.44921875, "f1-score": 0.4364326375711575, "support": 256}, "COVID": {"precision": 0.13609467455621302, "recall": 0.044921875, "f1-score": 0.06754772393538913, "support": 512}, "FLU": {"precision": 0.9212792127921279, "recall": 0.95872, "f1-score": 0.9396267837541163, "support": 6250}, "accuracy": 0.9123627856757243, "macro avg": {"precision": 0.6108397065836053, "recall": 0.6079661328125, "f1-score": 0.6034616701767674, "support": 11114}, "weighted avg": {"precision": 0.8885324427035824, "recall": 0.9123627856757243, "f1-score": 0.8991433980137525, "support": 11114}}