{"ALLERGY": {"precision": 1.0, "recall": 0.96533203125, "f1-score": 0.9823602484472049, "support": 4096}, "COLD": {"precision": 0.46096654275092935, "recall": 0.96875, "f1-score": 0.6246851385390428, "support": 256}, "COVID": {"precision": 0.4935323383084577, "recall": 0.96875, "f1-score": 0.6539222148978246, "support": 512}, "FLU": {"precision": 1.0, "recall": 0.89872, "f1-score": 0.9466588017190528, "support": 6250}, "accuracy": 0.9281086917401475, "macro avg": {"precision": 0.7386247202648468, "recall": 0.9503880078125, "f1-score": 0.8019066009007813, "support": 11114}, "weighted avg": {"precision": 0.9642519337914492, "recall": 0.9281086917401475, "f1-score": 0.9389142215113834, "support": 11114}}