{"ALLERGY": {"precision": 0.991263105341987, "recall": 0.969482421875, "f1-score": 0.9802517896815601, "support": 4096}, "COLD": {"precision": 0.4447513812154696, "recall": 0.62890625, "f1-score": 0.5210355987055016, "support": 256}, "COVID": {"precision": 0.35359116022099446, "recall": 0.375, "f1-score": 0.3639810426540284, "support": 512}, "FLU": {"precision": 0.937288408834435, "recall": 0.93024, "f1-score": 0.9337509033967719, "support": 6250}, "accuracy": 0.9121828324635595, "macro avg": {"precision": 0.6817235139032215, "recall": 0.72590716796875, "f1-score": 0.6997548336094654, "support": 11114}, "weighted avg": {"precision": 0.9189455877560111, "recall": 0.9121828324635595, "f1-score": 0.9151338747411342, "support": 11114}}