{"ALLERGY": {"precision": 1.0, "recall": 0.968505859375, "f1-score": 0.984000992186531, "support": 4096}, "COLD": {"precision": 0.47704590818363274, "recall": 0.93359375, "f1-score": 0.631439894319683, "support": 256}, "COVID": {"precision": 0.4954954954954955, "recall": 0.966796875, "f1-score": 0.6551952349437458, "support": 512}, "FLU": {"precision": 1.0, "recall": 0.90352, "f1-score": 0.9493149533495839, "support": 6250}, "accuracy": 0.9310779197408674, "macro avg": {"precision": 0.743135350919782, "recall": 0.94310412109375, "f1-score": 0.804987768699886, "support": 11114}, "weighted avg": {"precision": 0.964712744843324, "recall": 0.9310779197408674, "f1-score": 0.9412268396318128, "support": 11114}}