{"ALLERGY": {"precision": 0.956758034026465, "recall": 0.988525390625, "f1-score": 0.9723823246878002, "support": 4096}, "COLD": {"precision": 0.5228426395939086, "recall": 0.40234375, "f1-score": 0.45474613686534215, "support": 256}, "COVID": {"precision": 0.38633193863319387, "recall": 0.541015625, "f1-score": 0.45077298616761596, "support": 512}, "FLU": {"precision": 0.9560991957104558, "recall": 0.91296, "f1-score": 0.9340317564249467, "support": 6250}, "accuracy": 0.9119129026453122, "macro avg": {"precision": 0.7055079519910058, "recall": 0.71121119140625, "f1-score": 0.7029833010364263, "support": 11114}, "weighted avg": {"precision": 0.9201143196759929, "recall": 0.9119129026453122, "f1-score": 0.9148629889807894, "support": 11114}}