{"ALLERGY": {"precision": 1.0, "recall": 0.9677734375, "f1-score": 0.9836228287841191, "support": 4096}, "COLD": {"precision": 0.47307692307692306, "recall": 0.9609375, "f1-score": 0.634020618556701, "support": 256}, "COVID": {"precision": 0.4984924623115578, "recall": 0.96875, "f1-score": 0.6582614465826144, "support": 512}, "FLU": {"precision": 1.0, "recall": 0.9016, "f1-score": 0.9482541018090029, "support": 6250}, "accuracy": 0.9304480834982904, "macro avg": {"precision": 0.7428923463471202, "recall": 0.949765234375, "f1-score": 0.8060397489331094, "support": 11114}, "weighted avg": {"precision": 0.964759387530251, "recall": 0.9304480834982904, "f1-score": 0.9406915945660279, "support": 11114}}