{"ALLERGY": {"precision": 0.9521152952115295, "recall": 1.0, "f1-score": 0.9754703500833531, "support": 4096}, "COLD": {"precision": 0.6761363636363636, "recall": 0.46484375, "f1-score": 0.5509259259259259, "support": 256}, "COVID": {"precision": 0.5676767676767677, "recall": 0.548828125, "f1-score": 0.5580933465739822, "support": 512}, "FLU": {"precision": 0.9646637355479564, "recall": 0.94784, "f1-score": 0.956177871035429, "support": 6250}, "accuracy": 0.9375562353788015, "macro avg": {"precision": 0.7901480405181542, "recall": 0.7403779687500001, "f1-score": 0.7601668734046726, "support": 11114}, "weighted avg": {"precision": 0.9351047337144651, "recall": 0.9375562353788015, "f1-score": 0.9356144572967212, "support": 11114}}