{"ALLERGY": {"precision": 1.0, "recall": 0.968505859375, "f1-score": 0.984000992186531, "support": 4096}, "COLD": {"precision": 0.4832347140039448, "recall": 0.95703125, "f1-score": 0.6422018348623854, "support": 256}, "COVID": {"precision": 0.499496475327291, "recall": 0.96875, "f1-score": 0.6591362126245847, "support": 512}, "FLU": {"precision": 1.0, "recall": 0.90352, "f1-score": 0.9493149533495839, "support": 6250}, "accuracy": 0.9317077559834444, "macro avg": {"precision": 0.745682797332809, "recall": 0.94945177734375, "f1-score": 0.8086634982557712, "support": 11114}, "weighted avg": {"precision": 0.965039615093808, "recall": 0.9317077559834444, "f1-score": 0.9416562833380862, "support": 11114}}