{"ALLERGY": {"precision": 0.9997479838709677, "recall": 0.968505859375, "f1-score": 0.9838789682539683, "support": 4096}, "COLD": {"precision": 0.4894837476099426, "recall": 1.0, "f1-score": 0.6572528883183568, "support": 256}, "COVID": {"precision": 0.5046059365404298, "recall": 0.962890625, "f1-score": 0.6621893888515782, "support": 512}, "FLU": {"precision": 1.0, "recall": 0.90336, "f1-score": 0.9492266308002689, "support": 6250}, "accuracy": 0.9323375922260212, "macro avg": {"precision": 0.748459417005335, "recall": 0.95868912109375, "f1-score": 0.813136969056043, "support": 11114}, "weighted avg": {"precision": 0.9653260590995437, "recall": 0.9323375922260212, "f1-score": 0.9420489835317114, "support": 11114}}